App,review_count,avg_polarity,avg_subjectivity,pos_pct,neg_pct,neu_pct
10 Best Foods for You,194,0.4707328206587227,0.49545471424337406,83.5,5.2,11.3
104 找工作 - 找工作 找打工 找兼職 履歷健檢 履歷診療室,40,0.3924045634920635,0.5455162698412699,77.5,2.5,20.0
11st,40,0.18129421446608945,0.4439569354256855,57.5,17.5,25.0
1800 Contacts - Lens Store,80,0.3181447736291486,0.5910984848484848,80.0,7.5,12.5
1LINE – One Line with One Touch,38,0.19629029961266803,0.5573153053087264,71.1,21.1,7.9
2018Emoji Keyboard 😂 Emoticons Lite -sticker&gif,32,0.4495659722222222,0.5205729166666667,78.1,3.1,18.8
21-Day Meditation Experience,80,0.25801367845117845,0.5510479902042402,85.0,12.5,2.5
"2Date Dating App, Love and matching",38,0.2802671702652353,0.5583907406662825,68.4,18.4,13.2
2GIS: directory & navigator,40,0.22312904265873015,0.3966579365079365,57.5,15.0,27.5
2RedBeans,39,0.4121991790261021,0.5978684477915248,79.5,5.1,15.4
2ndLine - Second Phone Number,40,0.16896820887445888,0.3770225018037518,42.5,17.5,40.0
30 Day Fitness Challenge - Workout at Home,31,0.33353687339286414,0.5585879078678617,87.1,6.5,6.5
365Scores - Live Scores,7,0.4383116883116883,0.6396103896103896,71.4,0.0,28.6
3D Live Neon Weed Launcher,2,0.5681818181818181,0.4,100.0,0.0,0.0
4 in a Row,20,0.28114351851851854,0.5781031746031746,85.0,15.0,0.0
4K Wallpapers and Ultra HD Backgrounds,9,0.17932800224466894,0.594328202661536,77.8,22.2,0.0
591房屋交易-租屋、中古屋、新建案、實價登錄、別墅透天、公寓套房、捷運、買房賣房行情、房價房貸查詢,15,0.08079241071428571,0.3217280801209373,33.3,13.3,53.3
591房屋交易-香港,9,0.22291666666666668,0.31342592592592594,55.6,11.1,33.3
7 Cups: Anxiety & Stress Chat,8,0.3246701388888889,0.5671585648148147,87.5,12.5,0.0
7 Day Food Journal Challenge,9,0.18941137566137567,0.6002028218694886,100.0,0.0,0.0
7 Minute Workout,11,0.41027777777777774,0.6212481962481963,90.9,9.1,0.0
7 Weeks - Habit & Goal Tracker,14,0.14282013621299336,0.49746949974628546,71.4,28.6,0.0
8 Ball Pool,219,0.0012520071606734009,0.4913517369146038,47.5,48.4,4.1
850 Sports News Digest,39,0.5428597480561766,0.6924202606002057,97.4,2.6,0.0
8fit Workouts & Meal Planner,171,0.2648642413061273,0.5346484758473062,80.1,11.1,8.8
95Live -SG#1 Live Streaming App,78,0.06900233100233101,0.4559274799274799,43.6,25.6,30.8
A Call From Santa Claus!,34,0.008293862999745357,0.6577408804430863,58.8,41.2,0.0
A Word A Day,4,0.2772727272727273,0.6690340909090909,75.0,0.0,25.0
A&E - Watch Full Episodes of TV Shows,38,0.35388257575757576,0.49546326754385966,78.9,7.9,13.2
A+ Gallery - Photos & Videos,41,0.2088149162103866,0.40287027819257787,58.5,17.1,24.4
A+ Mobile,84,0.3295922619047619,0.522708380574452,67.9,10.7,21.4
ABC Kids - Tracing & Phonics,37,0.36777017277017277,0.5095799695799695,81.1,2.7,16.2
ABC News - US & World News,70,-0.04236183905380334,0.4111693465264894,25.7,41.4,32.9
ABC Preschool Free,36,0.22080488040123458,0.4229706790123457,52.8,22.2,25.0
ABCmouse.com,36,0.18250385802469135,0.5238508597883598,69.4,25.0,5.6
AC - Tips & News for Android™,35,0.09841655071119357,0.4841472548615406,51.4,28.6,20.0
ACE Elite,33,0.25217091550424886,0.44258938592271924,66.7,12.1,21.2
"AD - Nieuws, Sport, Regio & Entertainment",19,0.16182364314883113,0.46580603989438574,68.4,15.8,15.8
AMC Theatres,6,0.13569444444444442,0.5781944444444445,83.3,16.7,0.0
ANA,27,-0.026024764844209285,0.3005272633744856,22.2,40.7,37.0
"AOL - News, Mail & Video",33,0.09218199309108398,0.3985407465710496,51.5,21.2,27.3
AP Mobile - Breaking News,36,0.1951159148207759,0.47140920486406596,86.1,11.1,2.8
APE Weather ( Live Forecast),33,0.4323232323232323,0.5066498316498317,75.8,6.1,18.2
"APUS Launcher - Theme, Wallpaper, Hide Apps",31,0.44747311827956987,0.5185483870967742,80.6,12.9,6.5
ARY NEWS,33,0.23374426078971533,0.43835169880624425,54.5,18.2,27.3
ARY NEWS URDU,34,0.24342580213903742,0.5183455882352942,55.9,20.6,23.5
ASOS,66,0.31691663660413655,0.5864045214045215,78.8,9.1,12.1
ASUS Calling Screen,24,0.06316393097643097,0.4153295604858105,37.5,20.8,41.7
ASUS Cover for ZenFone 2,6,0.07638888888888888,0.44305555555555554,50.0,16.7,33.3
ASUS Quick Memo,2,0.02916666666666665,0.33333333333333337,50.0,0.0,50.0
ASUS Sound Recorder,16,0.5167708333333333,0.5952976190476191,81.2,12.5,6.2
ASUS SuperNote,23,0.19279142355229312,0.484638308551352,60.9,21.7,17.4
"AT&T Navigator: Maps, Traffic",29,0.07130096542927515,0.41218410352646806,55.2,31.0,13.8
AT&T Smart Wi-Fi,20,0.1895487012987013,0.4328650238650239,55.0,5.0,40.0
AT&T Visual Voicemail,25,0.029975541125541127,0.45259386724386724,44.0,36.0,20.0
"AVG Cleaner – Speed, Battery & Memory Booster",35,0.2736637188208617,0.5824492063492064,82.9,14.3,2.9
Abs Training-Burn belly fat,36,0.21741882334004728,0.4469090862840863,69.4,16.7,13.9
Account Manager,33,-0.08763520281275963,0.4564656849884123,33.3,54.5,12.1
Accounting App - Zoho Books,71,0.44866448692152916,0.5223977196512407,78.9,8.5,12.7
AccuWeather: Daily Forecast & Live Weather Reports,32,0.20072330975773356,0.4937064606400544,71.9,15.6,12.5
Acorn TV: World-class TV from Britain and Beyond,23,0.0860583905828471,0.5070377689942908,60.9,30.4,8.7
Acorns - Invest Spare Change,5,0.04666666666666667,0.20388888888888887,40.0,20.0,40.0
AdWords Express,50,0.1948439393939394,0.2716686868686869,40.0,4.0,56.0
Ada - Your Health Guide,63,0.3032562929106828,0.5554172335600908,85.7,7.9,6.3
Add Text To Photo,34,0.22970324746060042,0.4007626922823001,52.9,17.6,29.4
Adobe Acrobat Reader,162,0.15506166298122315,0.48715842842000245,73.5,17.3,9.3
Adobe Photoshop Express:Photo Editor Collage Maker,42,0.18538849807599805,0.486466274135917,76.2,19.0,4.8
Advanced Task Killer,15,0.13885152116402114,0.43680291005291,73.3,20.0,6.7
Agar.io,136,-0.06060223338072603,0.45973048669739847,44.1,48.5,7.4
Age Calculator,32,0.1313830266955267,0.6030233698593074,59.4,28.1,12.5
Agoda – Hotel Booking Deals,35,0.4795306122448979,0.6043673469387756,85.7,5.7,8.6
Air Traffic,22,0.29464074593335954,0.4859695165945166,72.7,13.6,13.6
AirAsia,21,-0.1036063011063011,0.43236171236171234,38.1,47.6,14.3
AirBrush: Easy Photo Editor,24,0.3520497384559884,0.4650115740740741,70.8,4.2,25.0
Airbnb,62,0.1080045398230162,0.49490795255052167,58.1,30.6,11.3
Airport + Flight Tracker Radar,22,0.08928481240981238,0.42453282828282823,59.1,31.8,9.1
Airway Ex - Intubate. Anesthetize. Train.,39,0.22094190098096347,0.49310152810152813,64.1,20.5,15.4
Akinator,38,-0.01489888966932038,0.4953002693665287,50.0,47.4,2.6
AlReader -any text book reader,39,0.2455511849261849,0.41257682132682133,61.5,15.4,23.1
Alarm Clock,36,0.17466728294853293,0.371872185813158,61.1,11.1,27.8
Alarm Clock Free,34,0.15576177498971616,0.35684034219748506,55.9,14.7,29.4
Alfred Home Security Camera,30,0.33757424242424244,0.4758727272727273,70.0,0.0,30.0
"AliExpress - Smarter Shopping, Better Living",45,0.038380545534712186,0.6177662898829566,64.4,35.6,0.0
All Email Providers,5,0.21500000000000002,0.6066666666666667,60.0,40.0,0.0
All Events in City,25,0.5028597402597402,0.5618210678210679,92.0,0.0,8.0
All Football - Latest News & Videos,32,0.43206329477813854,0.5105386453823954,84.4,9.4,6.2
"All Football GO- Live Score, Games",36,0.5265151515151515,0.5140277777777779,83.3,2.8,13.9
All Language Translator Free,30,0.3927835497835498,0.5550324675324675,80.0,0.0,20.0
All Maths Formulas,33,0.354636544011544,0.421768278018278,78.8,3.0,18.2
All Mental disorders,65,0.1986024636532449,0.4228739316239316,66.2,18.5,15.4
All Social Networks,34,-0.10641024212715389,0.5138202177724237,35.3,50.0,14.7
All Video Downloader 2018,34,0.3826797385620915,0.5417320261437909,67.6,8.8,23.5
"All-In-One Toolbox: Cleaner, Booster, App Manager",22,0.26733509335782063,0.5456981066071975,68.2,18.2,13.6
All-in-One Mahjong 3 FREE,1,0.5,0.6,100.0,0.0,0.0
Allegiant,3,0.2333333333333333,0.2333333333333333,66.7,0.0,33.3
Allrecipes Dinner Spinner,19,0.2729995443153338,0.5816768246373509,84.2,15.8,0.0
Alto's Adventure,175,0.03982694182829145,0.5261316988814583,58.9,41.1,0.0
Amazon Drive,36,0.1298491985987103,0.4733768187830688,50.0,38.9,11.1
"Amazon FreeTime – Kids’ Videos, Books, & TV shows",35,0.3425348246524717,0.5080825644943292,80.0,8.6,11.4
Amazon Kindle,117,0.06519186713433872,0.46011748819829623,55.6,28.2,16.2
Amazon Prime Video,2,0.46111111111111114,0.5555555555555556,100.0,0.0,0.0
Amazon Shopping,45,0.1820225865037373,0.4624378936759889,48.9,28.9,22.2
Amazon for Tablets,20,0.10113604797979796,0.37119065656565653,50.0,35.0,15.0
American Airlines,43,-0.07563614410998132,0.48372397843328074,46.5,44.2,9.3
Amex Mobile,36,0.17566632595799261,0.4177012452568008,55.6,22.2,22.2
Amino: Communities and Chats,35,0.04758960435151364,0.5375361254760332,65.7,34.3,0.0
Amtrak,39,-0.028284245516388376,0.369246213442642,28.2,41.0,30.8
Anatomy Learning - 3D Atlas,36,0.22653244999599165,0.48883272206188877,77.8,13.9,8.3
Ancestry,37,0.27263030438253655,0.5161272868415725,75.7,10.8,13.5
AndroZip™ FREE File Manager,39,0.11732338494838494,0.39017196692196693,53.8,25.6,20.5
"Android Auto - Maps, Media, Messaging & Voice",31,0.28779230407542616,0.5447434959291718,96.8,3.2,0.0
Android Messages,43,0.071675937548939,0.5132160195532288,53.5,37.2,9.3
Anger of stick 5 : zombie,3,0.11944444444444441,0.5027777777777778,66.7,33.3,0.0
Angry Birds 2,29,0.002282199760648026,0.49623943585150476,55.2,44.8,0.0
Angry Birds Classic,273,-0.007537394764251821,0.5348862663965559,45.4,53.8,0.7
Angry Birds Rio,39,-0.038924252279907035,0.4715201068772497,38.5,59.0,2.6
Animal Planet GO,21,0.2735714285714286,0.45373677248677247,66.7,14.3,19.0
Animated Photo Editor,35,0.29185714285714287,0.5463650793650794,60.0,11.4,28.6
Anime Avatar Creator: Make Your Own Avatar,28,0.20215771508819977,0.5931982912212505,64.3,32.1,3.6
Anime Manga Coloring Book,24,0.3609907670454546,0.5071180555555556,79.2,12.5,8.3
Anthem Anywhere,65,-0.08797731435231436,0.3850360223821762,29.2,43.1,27.7
Anthem BC Anywhere,31,-0.12323348694316437,0.36789554531490015,25.8,38.7,35.5
"Any.do: To-do list, Calendar, Reminders & Planner",98,0.21603763727971087,0.4500429534831867,75.5,13.3,11.2
Apartment Decorating Ideas,1,0.245,0.2,100.0,0.0,0.0
"Apartment List: Housing, Apt, and Property Rentals",47,0.4664228723404255,0.5809655146534579,89.4,4.3,6.4
"Apartment, Home Rental Search: Realtor.com Rentals",25,-0.003732900432900429,0.48327186147186146,48.0,40.0,12.0
Apartments & Rentals - Zillow,44,0.29299168634395906,0.462912321264594,63.6,4.5,31.8
Apartments.com Rental Search,69,0.07240305487588096,0.4129084844302236,46.4,27.5,26.1
Apex Launcher,60,0.1061327486171236,0.4681670875420875,61.7,26.7,11.7
Apk Installer,27,0.19391694725028058,0.4882034632034632,66.7,22.2,11.1
App vault,21,-0.04353505760732322,0.4761634199134199,38.1,47.6,14.3
AppLock,13,0.016233349983349996,0.4999414474414474,46.2,53.8,0.0
AppLock - Fingerprint,19,0.20993951418951418,0.5643250329105592,84.2,15.8,0.0
Apple Daily 蘋果動新聞,34,0.08276605928566712,0.32993794150656897,38.2,26.5,35.3
Aprender inglés con Wlingua,56,0.3996215213358071,0.5617165532879819,94.6,1.8,3.6
Archos File Manager,31,0.1152958152958153,0.4863489736070381,45.2,25.8,29.0
Arrow.io,95,0.08073817355889723,0.45664369256474513,55.8,29.5,14.7
Asana: organize team projects,43,0.2306454630830486,0.5227672402646754,76.7,11.6,11.6
Ascape VR: 360° Virtual Travel,18,0.1509645061728395,0.5006944444444444,55.6,22.2,22.2
Asphalt 8: Airborne,73,0.004450410725820944,0.5135438903805984,53.4,42.5,4.1
Associated Credit Union Mobile,35,0.3880928287981859,0.5595348639455783,85.7,2.9,11.4
Asteroids 3D live wallpaper,31,0.253524397462264,0.48231736087307936,67.7,12.9,19.4
Atlan3D Navigation: Korea navigator,36,0.2781841981321148,0.39801614858906526,63.9,5.6,30.6
AutoCAD - DWG Viewer & Editor,36,0.11960119548661215,0.48721443101651435,44.4,33.3,22.2
AutoScout24 Switzerland – Find your new car,37,0.4169514157014157,0.5583655083655084,81.1,8.1,10.8
Avakin Life - 3D virtual world,69,0.08085916643028912,0.5053262068732377,75.4,23.2,1.4
Aviary Effects: Classic,37,0.10624119358661768,0.538079149507721,70.3,24.3,5.4
Aviary Stickers: Free Pack,37,0.0658285525785526,0.6725140465140466,62.2,32.4,5.4
Azar,92,0.06840380917580306,0.48170581984440686,41.3,27.2,31.5
Azpen eReader,23,0.24262422360248445,0.5973257418909593,65.2,17.4,17.4
B612 - Beauty & Filter Camera,16,0.08178212791982326,0.5275852272727273,56.2,31.2,12.5
BBC Media Player,24,-0.028519833754208763,0.43761078042328044,50.0,45.8,4.2
BBC News,63,0.0969990437252342,0.38892420043213694,58.7,28.6,12.7
BBC Sport,49,0.16657655269900168,0.4234672895132079,67.3,16.3,16.3
BBM - Free Calls & Messages,35,0.1544232523738662,0.46189045214045216,51.4,22.9,25.7
BBVA Compass Banking,29,0.2055902244649166,0.4824433106575964,58.6,24.1,17.2
BBVA Spain,33,0.515085705540251,0.5946316246884429,81.8,9.1,9.1
BBW Dating & Curvy Singles Chat- LargeFriends,75,0.18276632996632997,0.45742092352092356,60.0,21.3,18.7
BBW Dating & Plus Size Chat,111,0.13124668499668501,0.49101675539175543,62.2,24.3,13.5
BBWCupid - BBW Dating App,39,0.12691173304809666,0.47169284419284424,53.8,23.1,23.1
BELONG Beating Cancer Together,38,0.35058287290195184,0.4141634626338574,73.7,5.3,21.1
BEST CAR SOUNDS,37,0.3076986076986077,0.5282896532896533,67.6,8.1,24.3
BET NOW - Watch Shows,108,0.0510880756974507,0.40812905844155845,36.1,27.8,36.1
BEYBLADE BURST app,36,-0.01392739590656258,0.4690503362378362,44.4,47.2,8.3
BIG Launcher,40,0.18498650308025308,0.41012519511738266,65.0,12.5,22.5
BLK - Swipe. Match. Chat.,40,0.30767763519549235,0.5519399908953481,67.5,10.0,22.5
BZWBK24 mobile,23,0.3268825522303783,0.5547810559006211,60.9,17.4,21.7
BaBe - Baca Berita,15,0.18680555555555553,0.4090277777777778,66.7,6.7,26.7
BaBe Lite - Baca Berita Hemat Kuota,13,0.31442307692307697,0.43333333333333335,61.5,7.7,30.8
BaBe+ - Berita Indonesia,20,0.365625,0.4479166666666667,65.0,10.0,25.0
Babbel – Learn Languages,48,0.3916361531986532,0.4983976758195508,70.8,6.2,22.9
Babbel – Learn Spanish,39,0.3093640734265734,0.5447092028342028,84.6,12.8,2.6
Baby ABC in box! Kids alphabet games for toddlers!,37,0.28577512577512576,0.4947191022191022,78.4,16.2,5.4
Baby Monitor,35,0.2742230725623583,0.49213548752834463,77.1,11.4,11.4
Baby Name Together,37,0.2859856284856285,0.49526973401973406,67.6,16.2,16.2
Baby Panda Care,50,0.17201893939393936,0.5404242424242424,64.0,20.0,16.0
Baby Panda Learns Shapes,37,0.2475370012870013,0.3571943371943372,51.4,5.4,43.2
Baby Panda Musical Genius,37,0.2277602521352521,0.48696199446199445,59.5,10.8,29.7
Baby Panda’s Juice Shop,3,0.10833333333333328,0.4916666666666667,100.0,0.0,0.0
Baby Tiger Care - My Cute Virtual Pet Friend,9,0.19518518518518518,0.36296296296296293,55.6,0.0,44.4
Baby puzzles,34,0.07949984276689925,0.5072541012452412,47.1,41.2,11.8
"Baca- Berita Terbaru, Informasi, Gosip dan Politik",33,0.2440754132231405,0.48291191132100225,63.6,9.1,27.3
Backgrounds (HD Wallpapers),30,0.26443175805675806,0.599070847362514,76.7,20.0,3.3
Backgrounds HD (Wallpapers),30,0.35387590187590184,0.5209487734487734,60.0,10.0,30.0
BaconReader for Reddit,33,0.2280863229009162,0.4700780805894442,72.7,24.2,3.0
Bad Piggies,77,0.007940659648845768,0.5389492408533662,48.1,48.1,3.9
Badoo - Free Chat & Dating App,120,0.1284891774891775,0.41610276875901875,48.3,22.5,29.2
Bagan - Myanmar Keyboard,32,0.29119916907636634,0.4197362012987013,65.6,6.2,28.1
Banco Itaú,40,0.07654520652958152,0.3643950216450217,45.0,22.5,32.5
Banco do Brasil,40,0.22347267316017314,0.47966436688311687,55.0,17.5,27.5
Bancomer móvil,40,-0.07185252074314573,0.3070278550814265,27.5,52.5,20.0
Banfield Pet Health Tracker,80,0.08254051373973248,0.49524039849039847,57.5,35.0,7.5
Bangla Newspaper – Prothom Alo,38,0.1693530701754386,0.4352339181286549,52.6,18.4,28.9
Banjo,39,0.23085021228771227,0.46412157310875257,69.2,15.4,15.4
Bank of America Mobile Banking,32,0.1800268291975881,0.4850038651824366,68.8,18.8,12.5
BankMobile Vibe App,23,0.35345457682414205,0.5646099190664409,82.6,8.7,8.7
Banorte Movil,26,0.116998667998668,0.5673119519369519,65.4,34.6,0.0
Banque Populaire,18,0.032322092452300805,0.32675855780022445,27.8,44.4,27.8
Barbie Life™,19,0.16261297182349813,0.3933479532163743,57.9,10.5,31.6
Barbie Magical Fashion,31,0.08473276471512356,0.5782083847305621,58.1,41.9,0.0
Barbie™ Fashion Closet,77,0.048600288600288595,0.47649350649350647,55.8,32.5,11.7
Barclays US for Android,40,0.017928003998316493,0.41255418771043767,37.5,37.5,25.0
Barcode Scanner,37,0.38627013377013375,0.4835820560820561,83.8,0.0,16.2
Baritastic - Bariatric Tracker,40,0.41827673686267436,0.571031492647564,85.0,2.5,12.5
Baseball Boy!,40,0.012272397197141398,0.4744802114272896,50.0,50.0,0.0
Basketball FRVR - Shoot the Hoop and Slam Dunk!,35,0.1024642857142857,0.4600272108843538,45.7,34.3,20.0
Basketball Stars,89,0.013905112685626995,0.4871262763528012,49.4,46.1,4.5
Bathroom Decorating Ideas,40,0.36267578125,0.5115454545454545,62.5,15.0,22.5
Battlelands Royale,89,0.040406194848324126,0.5142119465462056,59.6,38.2,2.2
Be A Legend: Soccer,98,-0.09925060033337468,0.4743972818025296,33.7,60.2,6.1
BeSoccer - Soccer Live Score,36,0.3567684784351451,0.40465388007054676,69.4,5.6,25.0
BeWild Free Dating & Chat App,38,0.17037221276530484,0.5180704969575584,81.6,15.8,2.6
Beautiful Design Birthday Cake,36,0.2703075396825396,0.519702380952381,58.3,13.9,27.8
Beautiful Widgets Free,40,0.013460700757575748,0.5222924031986531,50.0,42.5,7.5
Beautiful Widgets Pro,37,0.17941837105155556,0.5016910966315729,81.1,13.5,5.4
Beauty Camera - Selfie Camera,36,0.19999366181657846,0.4508201058201058,63.9,22.2,13.9
Beauty Makeup Snappy Collage Photo Editor - Lidow,4,0.1532142857142857,0.4769047619047619,50.0,25.0,25.0
BeautyPlus - Easy Photo Editor & Selfie Camera,4,0.3,0.30000000000000004,50.0,0.0,50.0
Bed Time Fan - White Noise Sleep Sounds,1,0.78125,0.6,100.0,0.0,0.0
Best Car Wallpapers,3,-0.13333333333333328,0.48888888888888893,33.3,33.3,33.3
Best Fiends - Free Puzzle Game,1,0.3249999999999999,0.5375,100.0,0.0,0.0
Best Ovulation Tracker Fertility Calendar App Glow,1,0.5953125,0.5416666666666666,100.0,0.0,0.0
"Best Wallpapers Backgrounds(100,000+ 4K HD)",10,0.30042929292929293,0.38994949494949493,60.0,0.0,40.0
Best Wallpapers QHD,35,0.4722514455782313,0.6184401360544217,85.7,11.4,2.9
"BestCam Selfie-selfie, beauty camera, photo editor",99,-0.03798581048581047,0.4216201699535033,28.3,32.3,39.4
BetterMe: Weight Loss Workouts,37,0.29227532274407275,0.49825571575571576,73.0,16.2,10.8
Betterment,40,0.14325219763259925,0.5105452301501409,62.5,20.0,17.5
BeyondMenu Food Delivery,38,0.4087426900584795,0.6176803118908382,92.1,5.3,2.6
BeyondPod Podcast Manager,40,0.1124582652900175,0.5457182367896654,80.0,17.5,2.5
Bible,97,0.36349543739121704,0.5336252466987003,83.5,7.2,9.3
Big Days - Events Countdown,36,0.28541372721928276,0.4996270576131687,66.7,13.9,19.4
"BigOven Recipes, Meal Planner, Grocery List & More",40,0.3282224025974026,0.49978214060245313,85.0,7.5,7.5
"BiggerCity: Chat for gay bears, chubs & chasers",40,0.21167546399141793,0.5781575964057872,67.5,25.0,7.5
Bike Computer - GPS Cycling Tracker,39,0.28197840354090353,0.47691442816442814,69.2,7.7,23.1
Binaural Beats Meditation,40,0.35351810515873017,0.5643201884920634,72.5,10.0,17.5
Binaural Beats Therapy,39,0.2832687528520862,0.4587343135259802,71.8,7.7,20.5
BioLife Plasma Services,39,0.15480616605616607,0.4577038503824218,61.5,23.1,15.4
Birdays – Birthday reminder,37,0.35544993857493856,0.5550068737568737,89.2,2.7,8.1
Birds Sounds Ringtones & Wallpapers,38,0.34155701754385964,0.4048684210526316,71.1,2.6,26.3
Black People Meet Singles Date,28,0.24934125871422946,0.5053452310676337,67.9,14.3,17.9
Block Puzzle,154,0.035221354404960235,0.5367871126316935,53.9,46.1,0.0
Block Puzzle Classic Legend !,72,0.15090698653198653,0.5360595538720538,63.9,30.6,5.6
Blogaway for Android (Blogger),36,0.19725448933782266,0.3590662578162578,52.8,11.1,36.1
Blogger,38,0.12512580694159642,0.5200550796321473,81.6,15.8,2.6
Bloglovin',39,0.13395250871813372,0.46937849187849184,48.7,17.9,33.3
Blood Donor,39,0.20522144852501994,0.36418214831905305,66.7,5.1,28.2
Blood Pressure,39,0.44494301994301994,0.5866809116809117,79.5,10.3,10.3
Blood Pressure Log - MyDiary,40,0.32505491150053645,0.5914018250499501,87.5,7.5,5.0
Blood Pressure(BP) Diary,40,0.08768325424575425,0.355830704018204,35.0,20.0,45.0
Bloomberg Professional,40,-0.023352723665223663,0.3632434613997114,37.5,27.5,35.0
Bloomberg: Market & Financial News,40,0.054705447330447333,0.3379659090909091,37.5,25.0,37.5
Blossom Blast Saga,36,0.005714461079044404,0.5138021835417669,47.2,52.8,0.0
BluTV,25,0.28028073593073594,0.4214222943722944,64.0,4.0,32.0
Blur Image Background,11,0.372717803030303,0.643939393939394,72.7,9.1,18.2
Blur Image Background Editor (Blur Photo Editor),39,0.23310994560994563,0.530530303030303,66.7,17.9,15.4
Booking.com Travel Deals,120,0.014176835317460314,0.4009321581196581,45.0,22.5,32.5
Bowmasters,312,0.06141544934739928,0.5005483488208554,54.2,38.1,7.7
Box,117,0.41000050875050875,0.43508648758648755,69.2,10.3,20.5
Boxed Wholesale,40,0.28700849999248434,0.4857461067867318,75.0,10.0,15.0
Boys Photo Editor - Six Pack & Men's Suit,38,0.28350877192982454,0.4792982456140351,60.5,13.2,26.3
Brain Waves - Binaural Beats,40,0.22173148899711398,0.5443468915343915,80.0,12.5,7.5
Branch,40,0.26422979797979795,0.44464553386428385,70.0,20.0,10.0
Brasileirão Pro 2018 - Série A e B,40,0.5508720238095238,0.5441656746031747,85.0,7.5,7.5
"Breaking News, Local news, Attacks and Alerts Free",27,0.21704599412932749,0.37713519333889706,51.9,18.5,29.6
Brightest Flashlight Free ®,5,0.4925714285714286,0.5224523809523809,100.0,0.0,0.0
Brightest LED Flashlight,16,0.3741989087301587,0.6228819444444444,81.2,6.2,12.5
Brilliant,28,0.2416548327664399,0.49085035301999586,75.0,17.9,7.1
Brit + Co,16,0.12312466179653678,0.5189175234487734,62.5,12.5,25.0
British Airways,22,0.20510616367759224,0.3991548134405278,59.1,22.7,18.2
Browser 4G,34,0.33708361185383245,0.4429032976827094,67.6,2.9,29.4
Bualuang mBanking,34,0.004322019211725096,0.34824705387205385,32.4,32.4,35.3
Bubble Shooter,145,0.2536763602776534,0.5156595926423513,69.0,27.6,3.4
Bubble Shooter 2,11,0.28484848484848485,0.5234848484848486,72.7,18.2,9.1
Bubble Shooter Genies,10,0.04798845598845597,0.529732683982684,60.0,30.0,10.0
Bubble Shooter Space,24,0.18493055555555551,0.4974305555555556,58.3,29.2,12.5
Bubble Witch 3 Saga,31,0.06538467779287191,0.5379182096492003,61.3,35.5,3.2
Buienradar - weer,35,0.08678947292786578,0.4887794863866292,57.1,28.6,14.3
Build a Bridge!,86,0.08835631019497298,0.5132795923161372,58.1,31.4,10.5
Bukalapak - Jual Beli Online,31,0.009039564506154375,0.4232744828136533,45.2,48.4,6.5
BukuBayi - Perkembangan Bayi,26,0.31515734265734263,0.4660052447552448,80.8,3.8,15.4
Burner - Free Phone Number,6,0.06530092592592592,0.6361111111111111,83.3,16.7,0.0
Buscapé - Ofertas e descontos,3,0.4708333333333334,0.485978835978836,66.7,0.0,33.3
Business Calendar 2,25,0.20114111302290014,0.46938575498575497,72.0,16.0,12.0
Butterfly Live Wallpaper,28,0.390275974025974,0.503655303030303,71.4,0.0,28.6
Buzz Launcher-Smart&Free Theme,36,0.20134484370347466,0.5776225692297121,69.4,27.8,2.8
"BuzzFeed: News, Tasty, Quizzes",71,0.1992963335568969,0.4749871450927789,66.2,11.3,22.5
"BÁO MỚI - Đọc Báo, Tin Tức 24h",34,0.10828208556149731,0.41728015448603684,52.9,26.5,20.6
C Programming,35,0.2768000669964955,0.541011544011544,91.4,8.6,0.0
C++ Programming,36,0.19645104943282027,0.5534449571775961,66.7,27.8,5.6
C++ Tutorials,36,0.5309259259259259,0.5667438271604939,88.9,0.0,11.1
CAIXA,34,-0.0890148438163144,0.4659153676622164,32.4,44.1,23.5
CALCU™ Stylish Calculator Free,38,0.3525981620718463,0.45346700083542185,71.1,2.6,26.3
CATS: Crash Arena Turbo Stars,57,0.028953154691858055,0.500371594394243,61.4,36.8,1.8
CBS News,1,0.0,0.0,0.0,0.0,100.0
"CBS Sports App - Scores, News, Stats & Watch Live",192,0.16390708611411733,0.5124724732732545,64.1,21.9,14.1
CBS Sports Fantasy,54,0.24850236370438392,0.488624757677788,63.0,16.7,20.4
CDL Practice Test 2018 Edition,24,0.24112599206349206,0.477825176366843,87.5,4.2,8.3
CIA - Caller ID & Call Blocker,14,0.21781462585034012,0.42982993197278907,57.1,14.3,28.6
"CM Browser - Ad Blocker , Fast Download , Privacy",2,0.012500000000000011,0.6875,50.0,50.0,0.0
"CM Flashlight (Compass, SOS)",4,0.55625,0.5946428571428571,100.0,0.0,0.0
"CM Launcher 3D - Theme, Wallpapers, Efficient",18,0.2824789562289562,0.5911111111111111,66.7,11.1,22.2
CM Locker - Security Lockscreen,86,0.24005452304247984,0.480303944163994,65.1,17.4,17.4
CMB Free Dating App,71,0.2917571204040017,0.5421654119038425,77.5,8.5,14.1
CNBC: Breaking Business News & Live Market Data,37,0.24770376373317549,0.47396788404141343,67.6,21.6,10.8
CNN Breaking US & World News,112,0.057347888966192535,0.5081744708841328,58.0,36.6,5.4
COOKING MAMA Let's Cook!,36,0.21892208651137224,0.5058891112561748,72.2,16.7,11.1
CVS Caremark,39,0.1919080225330225,0.42912333393102625,59.0,15.4,25.6
CW Seed,36,0.3055693342151675,0.5177009847148736,69.4,13.9,16.7
CWT To Go,38,0.28675125313283206,0.5318358395989975,73.7,15.8,10.5
Cache Cleaner-DU Speed Booster (booster & cleaner),26,0.27852109695859695,0.4570770895770896,61.5,7.7,30.8
Caf - Mon Compte,1,0.1,0.3038461538461539,100.0,0.0,0.0
"Calculator - free calculator, multi calculator app",4,-0.0375,0.15416666666666667,25.0,25.0,50.0
Calculator - unit converter,1,0.1833333333333333,0.5333333333333333,100.0,0.0,0.0
Calculator Plus Free,2,0.16666666666666666,0.6307142857142858,100.0,0.0,0.0
Calculator with Percent (Free),2,0.03197278911564625,0.5638605442176872,50.0,0.0,50.0
Calendar Widget Month + Agenda,2,0.15,0.25,50.0,0.0,50.0
Calendar+ Schedule Planner App,1,0.3190705128205128,0.4697435897435896,100.0,0.0,0.0
Call Blocker,3,0.02797258297258297,0.6554310966810967,33.3,66.7,0.0
Call Control - Call Blocker,3,-0.041666666666666664,0.2916666666666667,0.0,33.3,66.7
Call of Duty:Black Ops Zombies,3,-0.16211950231481478,0.442716049382716,0.0,100.0,0.0
"CallApp: Caller ID, Blocker & Phone Call Recorder",1,0.3907407407407408,0.5064814814814815,100.0,0.0,0.0
Caller ID +,1,0.35,0.6000000000000001,100.0,0.0,0.0
Calls & Text by Mo+,6,0.4666666666666666,0.5458333333333334,83.3,0.0,16.7
Calls Blacklist - Call Blocker,3,0.12416233766233765,0.6151919191919192,66.7,33.3,0.0
"Calm - Meditate, Sleep, Relax",65,0.2895242009211789,0.5233274820417678,86.2,10.8,3.1
Calorie Counter & Diet Tracker,135,0.229177692374865,0.5049347109876211,80.7,12.6,6.7
Calorie Counter - EasyFit free,37,0.3480287178805847,0.5369835099867568,89.2,2.7,8.1
Calorie Counter - Macros,200,0.24751868247122885,0.5126753949820021,87.0,10.0,3.0
Calorie Counter - MyFitnessPal,255,0.21567351536839974,0.47295209860619614,66.3,20.4,13.3
Calorie Counter - MyNetDiary,139,0.37584199559148174,0.5599666010020583,86.3,2.9,10.8
Cameringo Lite. Filters Camera,9,0.7702690972222223,0.5333333333333333,88.9,0.0,11.1
Candy Bomb,72,0.3274031986531986,0.6062394781144781,86.1,5.6,8.3
"Candy Camera - selfie, beauty camera, photo editor",114,0.19527792017923598,0.5430153034100402,64.0,21.1,14.9
Candy Crush Jelly Saga,73,-0.09233435751843284,0.4811245660731962,28.8,60.3,11.0
Candy Crush Saga,240,0.03106786541005292,0.45629279100529097,42.5,52.5,5.0
Candy Crush Soda Saga,166,-0.057079365716447526,0.48132998930374143,37.3,57.8,4.8
Candy Day,38,0.19246436403508768,0.4739181286549708,68.4,15.8,15.8
Candy Pop Story,40,0.04241514756944442,0.47871180555555554,55.0,32.5,12.5
Candy Smash,40,0.1572673611111111,0.5162118055555556,70.0,20.0,10.0
"Candy selfie - photo editor, live filter camera",33,0.37279761904761904,0.48031565656565656,63.6,6.1,30.3
"Canva: Poster, banner, card maker & graphic design",38,0.20483956893496366,0.5360009824483508,78.9,7.9,13.2
Canvas Student,4,0.12500000000000003,0.38749999999999996,50.0,25.0,25.0
Cat Sim Online: Play with Cats,61,0.18089609339033005,0.5251869828714091,73.8,23.0,3.3
Caviar - Food Delivery,39,0.21737478089040588,0.5137362637362637,64.1,20.5,15.4
Chakra Cleansing,40,0.42473518668831167,0.5723406385281385,87.5,2.5,10.0
Championat,40,0.19844806447410612,0.3673677799823633,62.5,15.0,22.5
Chapters: Interactive Stories,38,0.14904506568386022,0.5032795723384645,78.9,18.4,2.6
Chase Mobile,40,0.048165996701710984,0.488717625876108,57.5,40.0,2.5
"Chat Rooms, Avatars, Date - Galaxy",74,0.1380524855853803,0.42106441797231275,62.2,21.6,16.2
ChatVideo Meet new people,37,0.23191982566982566,0.3930076342576343,54.1,8.1,37.8
Cheap Flights & Hotels momondo,39,0.18377557627557628,0.46549228074869103,61.5,17.9,20.5
Cheap hotel deals and discounts — Hotellook,39,0.2564173789173789,0.48700854700854695,61.5,10.3,28.2
"CheapTickets – Hotels, Flights & Travel Deals",37,0.2941989422458173,0.5885373468706802,73.0,16.2,10.8
Cheapflights – Flight Search,39,0.42191239316239315,0.5859340659340659,71.8,10.3,17.9
CheckPoints 🏆 Rewards App,40,0.27638016323953823,0.5184227994227995,70.0,15.0,15.0
Checkers ✔️,36,0.06483468113676447,0.4405675805675806,50.0,36.1,13.9
Checkout 51: Grocery coupons,26,0.13048614579864576,0.39518319643319644,80.8,11.5,7.7
Choice Hotels,10,0.2987896825396825,0.7192063492063492,70.0,20.0,10.0
Choices: Stories You Play,39,0.03367840233861161,0.52632837418782,53.8,46.2,0.0
Christian Dating For Free App,76,0.09802603289938563,0.4786601830996281,65.8,28.9,5.3
Chrome Beta,38,0.23162517246398823,0.3778816200855674,57.9,10.5,31.6
Chrome Dev,39,0.333793360519551,0.5207789454813264,64.1,15.4,20.5
Cinemark Theatres,40,0.07015540674603174,0.403097702991453,50.0,25.0,25.0
Cisco Webex Meetings,39,0.10357702482702483,0.4623848528015195,56.4,28.2,15.4
Cisco Webex Teams,40,0.1294181246993747,0.4597798821548822,45.0,35.0,20.0
Citi Mobile®,40,-0.03873065476190478,0.4984982638888889,50.0,45.0,5.0
Citibanamex Movil,39,0.15006144781144778,0.5081359751359751,61.5,23.1,15.4
Citizens Bank Mobile Banking,39,0.013179054741554742,0.49393451290772716,46.2,48.7,5.1
CityMaps2Go Plan Trips Travel Guide Offline Maps,40,0.31709577922077925,0.5213652146464647,80.0,10.0,10.0
Claro,40,-0.07208184523809524,0.4000099206349207,27.5,35.0,37.5
Clash Royale,165,0.06915710869708802,0.48923595085873556,64.8,35.2,0.0
Clash of Clans,33,0.03675568156290556,0.5339562645447385,69.7,30.3,0.0
Color Flashlight,11,0.17583333333333334,0.5264898989898991,63.6,18.2,18.2
Color Road,37,-0.05935675703532847,0.45401725705297136,37.8,59.5,2.7
Color Touch Effects,38,0.11572042084377611,0.44570958646616543,50.0,21.1,28.9
Color by Number - Draw Sandbox Pixel Art,92,0.1395563554802685,0.47136153852186463,59.8,18.5,21.7
Color by Number – New Coloring Book,37,0.16885633604383601,0.5402294533544533,89.2,10.8,0.0
ColorFil - Adult Coloring Book,32,0.18612149019961519,0.5928430059523809,75.0,18.8,6.2
ColorNote Notepad Notes,131,0.27565456465959975,0.5111720565841794,92.4,5.3,2.3
ColorSnap® Visualizer,39,0.02439102564102565,0.3499928774928775,33.3,30.8,35.9
Colorfit - Drawing & Coloring,38,0.1718359526825084,0.5727620177523428,76.3,21.1,2.6
Colorful Glitter Neon Butterfly Keyboard Theme,32,0.20640625,0.5825074404761905,53.1,21.9,25.0
Colorfy: Coloring Book for Adults - Free,133,0.04678487879117243,0.6042470514179697,60.9,33.8,5.3
Coloring & Learn,38,0.41382226874003186,0.6094258373205742,81.6,7.9,10.5
Coloring book moana,44,0.15265151515151515,0.641540404040404,59.1,31.8,9.1
Comedy Central,80,0.17142376628681774,0.34690642241745184,52.5,15.0,32.5
Common Core,8,-0.008810779993815729,0.4599950718923933,50.0,50.0,0.0
Comptia A+ 220-901 & 220-902,29,0.5007922824302135,0.5598440065681445,89.7,0.0,10.3
ConnectLine,38,0.13801162883082524,0.4503203268814171,68.4,13.2,18.4
Contacts,38,0.012248710230089456,0.47213382638664597,42.1,34.2,23.7
Contacts+,38,0.41081458319945163,0.4530827603196025,71.1,2.6,26.3
Content Transfer,40,0.1630472817836099,0.3970588474025974,55.0,22.5,22.5
ConvertPad - Unit Converter,40,0.22344972943722943,0.48779688251563247,72.5,22.5,5.0
Cookbook Recipes,37,0.565437038093288,0.6426115401115401,94.6,0.0,5.4
Cooking Channel,39,0.364018944018944,0.533577256077256,74.4,10.3,15.4
Cooking Fever,135,-0.042331442605593655,0.47786459601464903,40.7,58.5,0.7
Cooking Madness - A Chef's Restaurant Games,37,0.013550644982006574,0.5167562877384306,54.1,45.9,0.0
Cookpad,36,0.2574367684784351,0.5483966650633317,72.2,19.4,8.3
Cool Popular Ringtones 2018 🔥,36,0.20348488136574072,0.571494708994709,66.7,27.8,5.6
Cool Reader,38,0.11584079160970608,0.4773699162679426,63.2,28.9,7.9
Couch to 10K Running Trainer,40,0.33737879109977326,0.5205262651534973,90.0,5.0,5.0
Couch to 5K by RunDouble,39,0.27732642225499365,0.4943462357748072,71.8,10.3,17.9
Couchsurfing Travel App,39,0.24728937266437265,0.529696291362958,74.4,15.4,10.3
Cougar Dating Life : Date Older Women Sugar Mummy,78,0.32457028157028156,0.5885129315129315,71.8,20.5,7.7
Couple - Relationship App,23,0.30442296156254967,0.5813240288788535,100.0,0.0,0.0
Credit Karma,35,0.2700516800659658,0.5196421459492888,77.1,14.3,8.6
Credit Sesame,38,0.08866738579403051,0.3942038112959166,55.3,26.3,18.4
CreditWise from Capital One,38,0.23945429387863595,0.5351311517429939,73.7,18.4,7.9
Crew - Free Messaging and Scheduling,80,0.4173319523358586,0.5998381895881896,90.0,5.0,5.0
Cricbuzz - Live Cricket Scores & News,38,0.09701201393635603,0.5658186185159869,68.4,28.9,2.6
Cricket Visual Voicemail,40,0.062002591819556106,0.4195424700960415,50.0,40.0,10.0
Crossy Road,91,0.21585128145848675,0.5298473893553813,73.6,13.2,13.2
Crunchyroll - Everything Anime,120,0.17751003336940835,0.44489962443310654,87.5,12.5,0.0
Current debit card and app made for teens,40,0.3272583733540765,0.4721886874699375,85.0,2.5,12.5
Curriculum vitae App CV Builder Free Resume Maker,38,0.3937034821903243,0.4980359041543252,78.9,5.3,15.8
Curso de Ingles Gratis,37,0.49990240240240236,0.5302477477477477,91.9,0.0,8.1
Cut the Rope 2,90,0.14827543557265777,0.5373204505371172,71.1,21.1,7.8
Cut the Rope FULL FREE,28,0.013067753887269178,0.5702711808929921,50.0,50.0,0.0
Cycling - Bike Tracker,25,0.3521468253968254,0.6174126984126984,76.0,16.0,8.0
"Cymera Camera- Photo Editor, Filter,Collage,Layout",78,0.419417735042735,0.4619810744810745,76.9,3.8,19.2
Czech Public Transport IDOS,28,0.2510749072356215,0.40281887755102047,67.9,7.1,25.0
DC Comics,36,0.478809473705307,0.605346532325699,91.7,2.8,5.6
DC Super Hero Girls™,102,0.33400902406417116,0.5733266488413546,88.2,8.8,2.9
DEAD TARGET: FPS Zombie Apocalypse Survival Games,125,0.06681826118326117,0.4852570346320346,52.8,37.6,9.6
DEER HUNTER 2018,3,-0.3833333333333333,0.4333333333333333,0.0,100.0,0.0
DELISH KITCHEN - 無料レシピ動画で料理を楽しく・簡単に！,25,0.38727222222222224,0.4498888888888889,84.0,0.0,16.0
DINO HUNTER: DEADLY SHORES,92,0.022312567688483907,0.5055597754758974,56.5,41.3,2.2
DIY Garden Ideas,34,0.4440441176470588,0.6164950980392156,82.4,5.9,11.8
DIY On A Budget,33,0.44806264074729985,0.5576276837640475,81.8,3.0,15.2
DMV Permit Practice Test 2018 Edition,34,0.29566032132549985,0.559805860222877,88.2,5.9,5.9
DRAGON BALL LEGENDS,167,0.0995493397768312,0.5191072965821683,76.0,23.4,0.6
DSLR Camera Hd Ultra Professional,38,0.0769517543859649,0.5042909356725146,44.7,34.2,21.1
DStv Now,39,0.023143659003034004,0.5161311836311836,56.4,35.9,7.7
DU Browser—Browse fast & fun,40,0.17726609823708034,0.5062402473518545,80.0,20.0,0.0
"DU Recorder – Screen Recorder, Video Editor, Live",58,0.22418691689058068,0.5246842190376673,72.4,19.0,8.6
Daily Workouts - Exercise Fitness Routine Trainer,1,0.8,0.75,100.0,0.0,0.0
Daily Yoga - Yoga Fitness Plans,12,0.2570176467051467,0.5669227994227994,83.3,16.7,0.0
"Dailyhunt (Newshunt) - Latest News, Viral Videos",4,-0.06614583333333332,0.5541666666666667,25.0,75.0,0.0
Dairy Queen,3,0.1894097222222222,0.37438271604938267,66.7,0.0,33.3
Daniel Tiger for Parents,3,0.2796296296296296,0.5090388007054674,100.0,0.0,0.0
DashClock Widget,1,0.0333333333333333,0.419047619047619,100.0,0.0,0.0
Dashlane Free Password Manager,2,0.1707539682539683,0.5442857142857143,50.0,50.0,0.0
"Dating App, Flirt & Chat : W-Match",6,0.3016666666666667,0.43555555555555564,33.3,0.0,66.7
Dating for 50 plus Mature Singles – FINALLY,7,0.3325396825396825,0.5087301587301588,71.4,0.0,28.6
Daum Mail - 다음 메일,5,0.266,0.36542857142857144,60.0,0.0,40.0
Davis's Drug Guide,3,-0.10000000000000002,0.5333333333333333,33.3,33.3,33.3
Davis's Drug Guide for Nurses,3,0.3148148148148148,0.4259259259259259,66.7,0.0,33.3
Debonairs Pizza,6,0.0465277777777778,0.6054166666666667,50.0,33.3,16.7
"Delivery Club–Доставка еды:пицца,суши,бургер,салат",24,0.0757676568223443,0.3401594932844933,41.7,25.0,33.3
Delta Dental,40,-0.08418477182539683,0.3259047619047619,22.5,50.0,27.5
Despegar.com Hoteles y Vuelos,39,0.26372964997965,0.47689763939763946,56.4,15.4,28.2
Detector de Radares Gratis,31,0.42858539310152216,0.5178780896522832,74.2,6.5,19.4
Device Help,37,0.09639573827073826,0.3562866225366225,54.1,21.6,24.3
Diabetes & Diet Tracker,74,0.36362731075231075,0.5684691607191606,89.2,5.4,5.4
Diabetes:M,39,0.3179679035352112,0.5219833001756079,84.6,5.1,10.3
Diamond Zipper Lock Screen,34,0.15973039215686274,0.6061519607843138,58.8,23.5,17.6
Diary with lock,99,0.2837633405132804,0.568277521195691,87.9,10.1,2.0
Diary with lock password,52,0.29226684227776883,0.509655793410164,73.1,13.5,13.5
Dictionary - Merriam-Webster,8,0.23873106060606059,0.46232112794612795,75.0,25.0,0.0
Die TK-App – alles im Griff,27,0.16437022339800117,0.5273030570252792,59.3,18.5,22.2
Digg,33,0.042700314836678466,0.5073774104683195,54.5,39.4,6.1
DigiCal Calendar Agenda,23,0.1682127041637911,0.5067420059811364,69.6,21.7,8.7
Digit Save Money Automatically,56,0.250246308750773,0.4027419926303855,73.2,3.6,23.2
Digital Alarm Clock,71,0.34107329093987326,0.480794760360488,83.1,7.0,9.9
Dil Mil,34,-0.06348243861938717,0.4265464094728801,38.2,32.4,29.4
Dino War: Rise of Beasts,27,0.059137009742168456,0.45208500824572256,59.3,22.2,18.5
Dinosaur Simulator: Dino World,13,-0.01314102564102564,0.40544871794871795,38.5,46.2,15.4
Discover Mobile,1,-0.0416666666666666,0.5277777777777778,0.0,100.0,0.0
Disney Heroes: Battle Mode,2,-0.005000000000000001,0.35833333333333334,50.0,50.0,0.0
Disney Magic Kingdoms: Build Your Own Magical Park,47,0.08702965526958688,0.4842235681407414,66.0,34.0,0.0
DisneyNOW – TV Shows & Games,63,0.2039919593979968,0.5351162186054476,77.8,15.9,6.3
Divar,37,0.18834069067327994,0.48675561461275746,51.4,24.3,24.3
Do It Later: Tasks & To-Dos,34,0.1682022607022607,0.3273473530826472,55.9,14.7,29.4
Docs To Go™ Free Office Suite,72,0.20629078483245147,0.4105713383838384,63.9,15.3,20.8
Doctor On Demand,36,0.38842992173721336,0.5533802655677655,77.8,5.6,16.7
Doctor Pets,32,0.16880208333333332,0.5141666666666667,56.2,28.1,15.6
Dog Licks Screen Wallpaper,34,0.22525030371997284,0.5277725905176885,58.8,14.7,26.5
Dog Run - Pet Dog Simulator,73,0.13709855403348553,0.5067884322678843,76.7,17.8,5.5
Dog Sim Online: Raise a Family,4,0.17529423701298708,0.5895535714285715,50.0,50.0,0.0
Domino's Pizza USA,53,0.20907864159338213,0.5032287457102147,75.5,20.8,3.8
Dominos Game ✔️,39,0.023215534465534458,0.3329251304251304,35.9,33.3,30.8
"Domofond Недвижимость. Купить, снять квартиру.",38,0.1653419314603525,0.4463181117128485,55.3,18.4,26.3
Doodle Jump,90,0.11363000290604457,0.5181851050184384,62.2,27.8,10.0
Door Lock Screen,39,0.5166216422466423,0.6068617724867725,82.1,0.0,17.9
DoorDash - Food Delivery,40,0.07240710302429051,0.44422497723837007,60.0,32.5,7.5
Dosecast - Medication Reminder,38,0.29914956069150145,0.5237338374344954,89.5,7.9,2.6
Down Dog: Great Yoga Anywhere,40,0.2918472637721826,0.5268369912690124,100.0,0.0,0.0
Dr. Oetker Rezeptideen,36,0.3120252976190476,0.48947486772486776,55.6,13.9,30.6
Dr. Panda & Toto's Treehouse,72,0.180236682925485,0.5326722544430877,77.8,16.7,5.6
Dr. Panda Restaurant 3,34,-0.09746777119938886,0.5161196258806553,50.0,44.1,5.9
Dr. Panda Town: Vacation,35,0.09280715004396645,0.4862867192331478,65.7,28.6,5.7
DraftKings - Daily Fantasy Sports,36,0.3123335537918871,0.5213883377425044,75.0,16.7,8.3
Dragon Hills,15,0.040340518278018246,0.5521841287019859,66.7,33.3,0.0
Draw A Stickman,1,-0.15,0.4,0.0,100.0,0.0
Draw In,1,-0.1341666666666666,0.5825,0.0,100.0,0.0
Draw Your Game,2,-0.6684895833333333,0.6833333333333333,0.0,100.0,0.0
Draw a Stickman: EPIC 2,1,0.0999999999999999,0.5416666666666666,100.0,0.0,0.0
Drawing for Kids Learning Games for Toddlers age 3,1,0.3866666666666666,0.5466666666666667,100.0,0.0,0.0
Dream League Soccer 2018,3,-0.0005180776014110008,0.483123897707231,66.7,33.3,0.0
DreamTrips,34,0.3712767777565572,0.43856872294372296,61.8,17.6,20.6
DreamWorks Friends,66,-0.0017880828486889144,0.47637230894806654,36.4,30.3,33.3
Dresses Ideas & Fashions +3000,29,0.4306034482758621,0.5574667031563583,79.3,3.4,17.2
Droid Zap by Motorola,40,-0.04053738275613276,0.4383898011710512,37.5,40.0,22.5
DroidAdmin for Android - Advice,39,0.12617521367521367,0.5074501424501425,43.6,30.8,25.6
Dropbox,76,0.23633052505790994,0.4436356041619199,60.5,10.5,28.9
Drugs.com Medication Guide,39,0.24735357887601475,0.49059276786840894,82.1,7.7,10.3
Dude Perfect 2,84,0.1169023559743807,0.5357966279447627,67.9,26.2,6.0
Dumb Ways to Die 2: The Games,37,0.027208249239499233,0.4694232381732382,54.1,35.1,10.8
Dungeon Hunter Champions: Epic Online Action RPG,40,-0.034255807849557854,0.48827825167557315,55.0,35.0,10.0
Dunkin' Donuts,38,0.1965599297808238,0.47051000630182965,84.2,7.9,7.9
Duolingo: Learn Languages Free,240,0.20040773809523807,0.4702147530324614,83.3,14.2,2.5
DuraSpeed,37,-0.03404401154401155,0.39668705168705165,35.1,29.7,35.1
E*TRADE Mobile,32,0.15327341401364838,0.49361037978225475,68.8,21.9,9.4
"Easy - taxi, car, ridesharing",46,0.2973105276366146,0.45180147750799926,60.9,10.9,28.3
Easy Hair Style Design,30,0.4902037037037037,0.554462962962963,76.7,3.3,20.0
Easy Healthy Recipes,29,0.445762473876698,0.5893495297805643,86.2,0.0,13.8
Easy Installer - Apps On SD,39,-0.009110334110334113,0.3106934731934732,20.5,20.5,59.0
Easy Makeup Tutorials,36,0.2819713754609588,0.42436317540484203,58.3,11.1,30.6
Easy Origami Ideas,34,0.09945261437908497,0.5367647058823529,50.0,32.4,17.6
Easy Recipes,40,0.27053819444444444,0.5101388888888889,57.5,12.5,30.0
Easy Voice Recorder,39,0.4358370518370518,0.5656775421363334,92.3,0.0,7.7
EasyBib: Citation Generator,38,0.07183166248955723,0.3912238930659983,39.5,26.3,34.2
Eat Fit - Diet and Health Free,90,0.2450441468253968,0.5294246031746032,61.1,23.3,15.6
Eat24 Food Delivery & Takeout,40,0.1716105214230214,0.5470710770710772,62.5,20.0,17.5
EatStreet Food Delivery App,37,0.3832653026403026,0.5136076011076011,83.8,0.0,16.2
"Ebates: Cash Back, Coupons, Rewards & Savings",38,0.22538709463051565,0.41552014505961876,68.4,13.2,18.4
Ebook Reader,39,0.34253248776686274,0.5815682157348824,82.1,10.3,7.7
Ecobank Mobile Banking,39,-0.014860031943365276,0.5415730180313514,43.6,48.7,7.7
Edmodo,35,0.40415553494124923,0.44355813234384667,77.1,2.9,20.0
Educational Games 4 Kids,38,0.1943595257082099,0.4732344117870434,68.4,23.7,7.9
Educational Games for Kids,36,0.3065564373897707,0.5136640211640212,83.3,5.6,11.1
El tiempo de AEMET,14,0.18751404349618636,0.2754370232941662,57.1,0.0,42.9
English with Lingualeo,8,0.13516865079365076,0.3522718253968254,50.0,12.5,37.5
English-Myanmar Dictionary,38,0.3935134237107921,0.40219265018607125,78.9,2.6,18.4
Entel,39,0.018577117327117344,0.33131373256373253,25.6,33.3,41.0
Enterprise Rent-A-Car,39,0.2556781798448465,0.5988954872288206,79.5,12.8,7.7
Episode - Choose Your Story,160,0.08027377437170963,0.4811471465662314,58.8,30.0,11.2
Epocrates Plus,40,0.299594696969697,0.5152561327561328,72.5,15.0,12.5
Equestria Girls,74,0.04380837742165866,0.550960435543769,56.8,40.5,2.7
Essential Anatomy 3,80,0.2255163032858345,0.5223282227032227,87.5,12.5,0.0
Essential Resources,40,0.28141962312860747,0.48453513558201056,77.5,12.5,10.0
Etsy: Handmade & Vintage Goods,78,0.3054831433998101,0.5440019228160253,74.4,15.4,10.3
Etta Homes,39,0.34462250712250714,0.49577991452991454,74.4,7.7,17.9
Eurosport,38,0.04904455741626794,0.4273702722715881,42.1,34.2,23.7
"Eve Period Tracker - Love, Sex & Relationships App",26,0.5050367080835831,0.501774753024753,92.3,0.0,7.7
"Even - organize your money, get paid early",14,0.2839285714285714,0.4627380952380952,64.3,7.1,28.6
"Evernote – Organizer, Planner for Notes & Memos",78,0.08409023930833825,0.5222918902085569,67.9,32.1,0.0
Evie Launcher,32,0.27792823212907847,0.48739135996622973,93.8,6.2,0.0
ExDialer - Dialer & Contacts,29,0.2713527987019366,0.49568862814039333,75.9,17.2,6.9
"Expedia Hotels, Flights & Car Rental Travel Deals",128,0.09299215649801587,0.5015541294642857,45.3,43.0,11.7
Expense IQ Money Manager,31,0.22750618948703624,0.44198430929882543,87.1,3.2,9.7
Experian - Free Credit Report,23,0.1705043708304578,0.5278456406717276,65.2,26.1,8.7
Extreme Car Driving Simulator,2,-0.07361111111111115,0.4527777777777777,50.0,50.0,0.0
Extreme Coupon Finder,14,0.07121421485260769,0.5617181594860167,57.1,28.6,14.3
Extreme Match,84,0.19446454876142374,0.46685135080968415,67.9,21.4,10.7
Extreme Racing 2 - Real driving RC cars game!,36,0.02366732804232804,0.4190608465608465,41.7,36.1,22.2
EyeCloud,39,0.11717855447022113,0.3554406601628824,53.8,10.3,35.9
EyeEm - Camera & Photo Filter,37,0.3380653936903937,0.586203964953965,64.9,18.9,16.2
EzCalculator,38,0.37776996943115365,0.5213414947625473,78.9,10.5,10.5
FBReader: Favorite Book Reader,39,0.2777048112144266,0.4724487336025797,71.8,15.4,12.8
FERZU - Furries Social Network,39,0.08186532214817471,0.4869399930553776,64.1,30.8,5.1
"FIFA - Tournaments, Soccer News & Live Scores",78,0.06825822325822326,0.44277674486007823,51.3,25.6,23.1
FINAL FANTASY BRAVE EXVIUS,38,0.07081548550701007,0.5314801504552734,71.1,28.9,0.0
FOSSIL Q: DESIGN YOUR DIAL,33,0.2397669880624426,0.33451561065197427,48.5,3.0,48.5
FOX,78,0.21398402523402524,0.4584032017365351,56.4,28.2,15.4
FOX NOW - On Demand & Live TV,110,0.04809023630759121,0.49202284566083265,52.7,36.4,10.9
"FOX Sports: Live Streaming, Scores & News",33,0.3132563003775125,0.520679012345679,66.7,15.2,18.2
FREEDOME VPN Unlimited anonymous Wifi Security,11,0.31363636363636366,0.3477272727272727,45.5,0.0,54.5
"FUN Keyboard – Emoji Keyboard, Sticker,Theme & GIF",12,0.25675,0.34328703703703706,58.3,0.0,41.7
"Fabulous: Motivate Me! Meditate, Relax, Sleep",40,0.19199594209527243,0.5265805589912732,77.5,15.0,7.5
"Face Filter, Selfie Editor - Sweet Camera",17,0.19428104575163396,0.5888655462184874,58.8,17.6,23.5
Facebook,132,-0.007002902024896398,0.46020734988097733,40.2,45.5,14.4
Facebook Ads Manager,35,0.20340053597196453,0.31926272933415795,48.6,14.3,37.1
Facebook Lite,29,-0.0009910877556351672,0.4561272204806687,41.4,48.3,10.3
Facebook Local,35,0.1336416983933725,0.44045936404864977,57.1,28.6,14.3
Facebook Pages Manager,34,-0.061082728545963846,0.44085285629403276,29.4,35.3,35.3
Facetune - Ad Free,42,0.4320605655682186,0.5606183269363542,78.6,11.9,9.5
Fake Call - Fake Caller ID,67,0.2977941730740238,0.4860976502767548,67.2,11.9,20.9
Fallout Shelter,32,0.17023214882331378,0.5136060292384971,84.4,12.5,3.1
Family Album Mitene: Private Photo & Video Sharing,39,0.4325875840980008,0.6301165809499143,84.6,5.1,10.3
Family Dollar,35,0.24816588074623788,0.4460639301175015,60.0,25.7,14.3
Family GPS Tracker and Chat + Baby Monitor Online,37,0.4174351136851137,0.5475182325182325,75.7,5.4,18.9
Family GPS tracker KidControl + GPS by SMS Locator,32,0.21120309658151454,0.5171229125330687,68.8,18.8,12.5
Family Locator - GPS Tracker,115,0.35857535238513494,0.5448769579856536,82.6,6.1,11.3
FamilySearch Tree,30,0.20932583022687187,0.43582595799262464,70.0,13.3,16.7
FanDuel: Daily Fantasy Sports,11,0.28708349731077004,0.4659878000787092,72.7,9.1,18.2
Fancy Widgets,16,0.2142135145323051,0.5463555010574592,81.2,18.8,0.0
Fandango Movies - Times + Tickets,66,0.14260188855156386,0.5183011234796949,71.2,22.7,6.1
Fantasy Football,69,0.0625806329338938,0.41102149863019427,44.9,30.4,24.6
Fantasy Football & NFL News,34,0.4212411580793934,0.5673918102594574,85.3,5.9,8.8
Fantasy Football Manager (FPL),34,0.29987097869450813,0.5221638655462185,70.6,8.8,20.6
Farm Fruit Pop: Party Time,31,0.16502772177419353,0.47051459293394776,61.3,19.4,19.4
Farm Heroes Saga,110,-0.011810531860815964,0.44443435327298964,41.8,39.1,19.1
Farming Simulator 14,17,0.05812792225476048,0.48741907874260815,64.7,35.3,0.0
Farming Simulator 18,39,0.06446713240463238,0.49332987151737157,61.5,33.3,5.1
Fashion in Vogue,113,0.05532565701260391,0.34800007023458346,40.7,28.3,31.0
Fast News,39,0.3463034188034188,0.6042012617012618,71.8,17.9,10.3
Fast Scanner : Free PDF Scan,74,0.3130631605631605,0.4279001891501892,78.4,1.4,20.3
Fast Secure VPN,71,0.1791001133060992,0.41854095315035955,52.1,15.5,32.4
"FastMeet: Chat, Dating, Love",75,0.3441734006734007,0.5173434343434344,72.0,10.7,17.3
Fat Burning Workout - Home Weight lose,36,0.17526900953984287,0.5471371452621452,66.7,30.6,2.8
Fate/Grand Order (English),20,0.06088093070124321,0.5285510635198135,55.0,45.0,0.0
FidMe Loyalty Cards & Deals at Grocery Supermarket,11,0.22026761117670207,0.4141676505312869,54.5,18.2,27.3
File Browser by Astro (File Manager),12,0.11199179292929291,0.45269949494949496,58.3,25.0,16.7
File Explorer,23,0.25958281573498965,0.456304347826087,60.9,13.0,26.1
File Manager,11,0.06183281680440773,0.31330004591368227,27.3,27.3,45.5
File Manager -- Take Command of Your Files Easily,22,0.21464646464646464,0.3605555555555556,45.5,4.5,50.0
Files Go by Google: Free up space on your phone,34,0.13068233101321336,0.5235522935864323,73.5,26.5,0.0
FilterGrid - Cam&Photo Editor,35,0.09263994537208824,0.529429069607641,62.9,25.7,11.4
Filters for B Live,30,0.16801767676767676,0.39555555555555555,43.3,13.3,43.3
Filters for Selfie,63,0.09912037037037036,0.5278946208112875,49.2,25.4,25.4
Final Fantasy XV: A New Empire,32,-0.023527279180463653,0.511339249742269,40.6,53.1,6.2
Financial Times,30,0.18463979076479073,0.4657510221260221,66.7,13.3,20.0
Find Dining Restaurant Finder,7,0.3394679300291545,0.4775996112730807,85.7,14.3,0.0
Find a Way: Addictive Puzzle,30,0.0696302333854417,0.5850889989639989,63.3,33.3,3.3
Find&Save - Local Shopping,31,0.09095987726263012,0.38212278881815626,64.5,22.6,12.9
FindShip,34,0.10044897504456328,0.41144872692666806,52.9,26.5,20.6
Firefox Browser fast & private,62,0.11014201898945648,0.5187862517847506,72.6,27.4,0.0
Firefox Focus: The privacy browser,64,0.2092485894097222,0.5538280971777065,84.4,6.2,9.4
Fishdom,123,0.0595148493038343,0.5635105308518095,65.9,34.1,0.0
Fitbit,6,0.24555465367965365,0.5822820466570467,83.3,16.7,0.0
Flashlight,35,0.4054000850340136,0.6072482993197279,80.0,8.6,11.4
Flashlight & LED Torch,25,0.24973333333333333,0.2581777777777778,40.0,0.0,60.0
Flashlight - Torch LED Light,30,0.4045251322751323,0.5391269841269841,70.0,6.7,23.3
Flashlight HD LED,29,0.4522039981091705,0.6406517141861969,93.1,3.4,3.4
Flickr,64,0.17743249083092832,0.4359923749572187,54.7,29.7,15.6
Flight & Hotel Booking App - ixigo,33,0.341024531024531,0.5210594035594036,63.6,18.2,18.2
Flightradar24 Flight Tracker,32,0.19662472943722942,0.47700787906703085,81.2,6.2,12.5
Flights,26,0.140565164002664,0.4000104062604063,57.7,11.5,30.8
Flip the Gun - Simulator Game,26,-0.008393065268065292,0.47298784548784545,53.8,46.2,0.0
FlipaClip - Cartoon animation,4,0.41264880952380956,0.6792261904761905,100.0,0.0,0.0
Flipboard: News For Our Time,13,0.38586500305250304,0.4338217338217338,76.9,0.0,23.1
Flipkart Online Shopping App,28,0.2915263605442177,0.47886228850514573,67.9,14.3,17.9
Flipp - Weekly Shopping,31,0.3236720779220779,0.5630284751091202,93.5,6.5,0.0
Flippy Campus - Buy & sell on campus at a discount,34,0.39528393175452,0.49248472116119174,76.5,0.0,23.5
FlirtChat - ♥Free Dating/Flirting App♥,70,0.4209925788497217,0.5106957328385899,72.9,2.9,24.3
Floor Plan Creator,37,0.26461547586547585,0.4655839280839281,70.3,8.1,21.6
Flow Free,154,0.07076862709337588,0.5201833408656908,65.6,31.8,2.6
Flowers Live Wallpaper,33,0.20517906336088154,0.5650367309458219,63.6,12.1,24.2
Fly Delta,71,0.14325237137108363,0.4622601174814454,66.2,14.1,19.7
FollowMyHealth®,38,0.18942767109847486,0.48177970677624415,84.2,15.8,0.0
Font Studio- Photo Texts Image,34,0.08145920868347338,0.5220456932773109,67.6,29.4,2.9
Food Calorie Calculator,41,0.09797280294231513,0.44987611304684477,39.0,19.5,41.5
Food Network,71,0.028354857681442188,0.4370341493404874,43.7,33.8,22.5
Fooducate Healthy Weight Loss & Calorie Counter,37,0.35421692335820487,0.4977620327410244,81.1,5.4,13.5
"Foot Mercato : transferts, résultats, news, live",36,0.3616373456790123,0.47413271604938273,72.2,8.3,19.4
Football Live Scores,34,0.4050258891435362,0.5309547152194212,82.4,5.9,11.8
ForecaWeather,38,0.36090676501860713,0.5093346291866029,76.3,13.2,10.5
Fortune City - A Finance App,48,0.26696618341149586,0.45879702280743945,85.4,8.3,6.2
Four In A Line,61,0.27484875723092933,0.5493170399727777,80.3,9.8,9.8
Four In A Line Free,27,0.20236801881246325,0.4853270474381585,66.7,14.8,18.5
Foursquare City Guide,28,0.20027867965367965,0.42221578025149453,53.6,21.4,25.0
Foursquare Swarm: Check In,29,-0.06233983927949446,0.4214936131192289,31.0,41.4,27.6
Fox Business,34,0.08882674106938812,0.5015917069042068,64.7,26.5,8.8
"Fox News – Breaking News, Live Video & News Alerts",105,0.021842715966092576,0.5029876189226838,52.4,40.0,7.6
Fraction Calculator Plus Free,31,0.37264092538286087,0.5620348647768003,77.4,16.1,6.5
Free & Premium VPN - FinchVPN,31,0.2176688508884801,0.477772631395398,67.7,9.7,22.6
Free Dating & Flirt Chat - Choice of Love,35,0.032965367965367955,0.36135281385281387,28.6,31.4,40.0
Free Dating App & Flirt Chat - Cheers,32,0.3019262941919192,0.47738162878787876,56.2,12.5,31.2
Free Dating App & Flirt Chat - Match with Singles,33,0.33969696969696966,0.5836531986531986,63.6,18.2,18.2
Free Dating App - Meet Local Singles - Flirt Chat,67,-0.050325832956429964,0.559581583424867,40.3,46.3,13.4
"Free Dating App - YoCutie - Flirt, Chat & Meet",59,0.11783620099298064,0.44732448577787565,61.0,15.3,23.7
Free Dating Hook Up Messenger,64,0.14728845283112993,0.5223361741189635,67.2,18.8,14.1
Free Foreclosure Real Estate Search by USHUD.com,37,-0.03836728574277404,0.4402344652344652,37.8,37.8,24.3
Free Hypnosis,15,0.27579490295815295,0.49427512650312644,93.3,6.7,0.0
Free Live Talk-Video Call,1,-0.1,0.1,0.0,100.0,0.0
Free Panda Radio Music,6,0.25,0.26666666666666666,50.0,0.0,50.0
Free Sports TV,27,0.16731858265191596,0.5141263962375073,59.3,25.9,14.8
"Free TV Shows App:News, TV Series, Episode, Movies",37,0.2715553215553216,0.5907247425997426,75.7,13.5,10.8
Free VIN Report for Used Cars,35,0.30857474747474745,0.49431821273964127,74.3,8.6,17.1
Free live weather on screen,38,0.3942586105415053,0.5197159565580618,76.3,5.3,18.4
"Free phone calls, free texting SMS on free number",36,0.22960420173961837,0.5231201565923789,69.4,19.4,11.1
FreePrints – Free Photos Delivered,36,0.4461811075370103,0.6266804152637486,91.7,5.6,2.8
Freeletics: Personal Trainer & Fitness Workouts,32,0.2742506820436508,0.46370628720238094,62.5,3.1,34.4
Freeme Launcher—Stylish Theme,35,0.3185,0.47637755102040824,62.9,14.3,22.9
Fresh EBT - Food Stamp Balance,34,0.15972740535608182,0.4247380315762669,61.8,20.6,17.6
FreshBooks Classic,77,0.10052989270057915,0.47211790185352337,53.2,26.0,20.8
Frontback - Social Photos,36,0.20709648569023567,0.46163720538720543,58.3,22.2,19.4
Frozen Free Fall,60,0.06010569985569984,0.5061268037518037,48.3,41.7,10.0
Fruit Block - Puzzle Legend,1,-0.1833333333333333,0.3777777777777777,0.0,100.0,0.0
Fruit Ninja®,31,0.15479454685099844,0.49328917050691246,71.0,19.4,9.7
Fruits Bomb,79,0.20532335280753003,0.5306104619712214,74.7,15.2,10.1
Fuelio: Gas log & costs,88,0.4408648682441296,0.5316347888222889,83.0,3.4,13.6
Full Screen Caller ID,31,0.34557612414467254,0.47666177908113394,67.7,3.2,29.0
Fun Kid Racing,33,0.26973829201101923,0.5245821854912764,72.7,12.1,15.2
Fun Kid Racing - Motocross,30,0.19079545454545455,0.5135774410774411,70.0,20.0,10.0
Funny Alarm Clock Ringtones,27,0.10838064006466784,0.5961899862825789,63.0,37.0,0.0
Funny Pics,15,0.15368272005772005,0.5721806553235125,86.7,6.7,6.7
Fuzzy Seasons: Animal Forest,14,0.16893322575242212,0.5792567683639112,78.6,21.4,0.0
G Cloud Backup,29,0.28419198139025725,0.5738897851828887,82.8,13.8,3.4
GANMA! - オリジナル漫画が全話無料で読み放題,31,0.2916704576785222,0.47509063964709125,71.0,6.5,22.6
"GCash - Buy Load, Pay Bills, Send Money",33,0.027082440851972103,0.3834686147186147,30.3,24.2,45.5
GMAT Math Flashcards,36,0.41273599712401793,0.5496980218855219,94.4,2.8,2.8
GMAT Question Bank,34,0.26889992360580595,0.4698832866479925,70.6,11.8,17.6
GMX Mail,30,0.3400470779220779,0.5407398018648019,76.7,10.0,13.3
"GO Keyboard - Cute Emojis, Themes and GIFs",29,0.2239008620689655,0.31061302681992337,51.7,3.4,44.8
"GO Keyboard - Emoticon keyboard, Free Theme, GIF",33,0.3074404215313306,0.502509237395601,60.6,12.1,27.3
GO Notifier,34,0.06751958927510397,0.4230678104575163,61.8,23.5,14.7
"GO SMS Pro - Messenger, Free Themes, Emoji",26,0.2024882756132756,0.4398316960816961,50.0,15.4,34.6
"GO Weather - Widget, Theme, Wallpaper, Efficient",22,0.3334000273124918,0.43870310245310246,63.6,18.2,18.2
GPS Map Free,1,0.7,0.6000000000000001,100.0,0.0,0.0
GPS Speedometer and Odometer,4,0.6875,0.6541666666666667,100.0,0.0,0.0
"GPS Speedometer, Distance Meter",32,0.3688950892857143,0.6011644345238095,75.0,15.6,9.4
GPS Status & Toolbox,35,0.3980736961451247,0.4026825396825397,74.3,8.6,17.1
GPS Traffic Speedcam Route Planner by ViaMichelin,36,0.2724778825671683,0.46424505829267737,69.4,16.7,13.9
GRE Flashcards,36,0.26205528749799584,0.5237899831649832,77.8,11.1,11.1
GRE Prep & Practice by Magoosh,36,0.38801571268237933,0.4839062850729518,77.8,2.8,19.4
GRE Tutor,39,0.4086946386946387,0.5681086043586043,82.1,5.1,12.8
GS SHOP,38,0.2391812865497076,0.3475877192982456,55.3,5.3,39.5
GUNSHIP BATTLE: Helicopter 3D,34,0.02222591795753969,0.45793083900226755,52.9,32.4,14.7
Galactic Core Free Wallpaper,36,0.24756756810576253,0.6578138425360648,83.3,13.9,2.8
Galaxy Attack: Alien Shooter,134,0.07728975087930309,0.4665821806717329,61.9,32.1,6.0
Game of Thrones: Conquest™,9,0.1988888888888889,0.44722222222222224,66.7,22.2,11.1
"Gametime - Tickets to Sports, Concerts, Theater",37,0.3797400972400972,0.5702181577181578,89.2,5.4,5.4
Garden Coloring Book,90,0.2684828944203944,0.5234474150677855,71.1,11.1,17.8
Garden Fruit Legend,39,0.24278846153846154,0.5757478632478632,74.4,20.5,5.1
Garden Photo Frames - Garden Photo Editor,40,0.33358333333333334,0.48137500000000005,62.5,10.0,27.5
Gardenscapes,133,0.019585137969696343,0.5014648140223873,52.6,47.4,0.0
Garena Free Fire,222,0.071157869556908,0.4941331211427365,61.3,36.5,2.3
Garmin Connect™,40,0.15480992965367965,0.4854234758297259,67.5,22.5,10.0
GasBuddy: Find Cheap Gas,40,0.2726742875180375,0.5009855994699745,72.5,17.5,10.0
Gay Sugar Daddy Dating & Hookup – Sudy Gay,78,0.20086835232668565,0.6372210351377018,64.1,20.5,15.4
Gboard - the Google Keyboard,76,0.0645865156103643,0.5171716244977523,52.6,44.7,2.6
Gems or jewels ?,39,0.14020820036445036,0.43863784363784364,56.4,20.5,23.1
Genius Scan - PDF Scanner,13,0.24316067612942613,0.5183336855452241,84.6,7.7,7.7
Gmail,64,0.07138310185185184,0.4659200872189153,51.6,34.4,14.1
GoBank,39,0.039100828396805405,0.5303020581933049,48.7,41.0,10.3
GoPro (formerly Capture),39,-0.007790556830735392,0.4620191285278281,38.5,59.0,2.6
Goal Live Scores,40,0.17692905844155843,0.5138371392496393,67.5,22.5,10.0
Goibibo - Flight Hotel Bus Car IRCTC Booking App,38,0.41273037391458445,0.5649483873825979,71.1,10.5,18.4
Goku Wallpaper Art,35,0.4643197278911565,0.517482993197279,71.4,2.9,25.7
Gold Butterfly Keyboard Theme,39,0.4308228519166019,0.6011085211085211,76.9,7.7,15.4
Golden Dictionary (EN-AR),37,0.34045045045045047,0.4903003003003003,67.6,8.1,24.3
Golden Launcher,38,0.507079346092504,0.5899720893141945,81.6,2.6,15.8
Goldstar: Live Event Tickets,40,0.5492664141414141,0.6354549062049062,95.0,0.0,5.0
Golf Channel,40,-0.025728535353535364,0.4610644841269841,30.0,47.5,22.5
Golf GPS Rangefinder: Golf Pad,39,0.2726327684661018,0.5649432511932512,79.5,15.4,5.1
Golf GPS by SwingxSwing,40,0.2046785506160506,0.4576765171556838,80.0,17.5,2.5
GolfLogix GPS + Putt Breaks,39,-0.07843205020288353,0.4526742085075418,38.5,46.2,15.4
"GolfNow: Tee Time Deals at Golf Courses, Golf GPS",38,0.1683002897862067,0.5041837396278186,76.3,15.8,7.9
Golfshot Plus: Golf GPS,40,0.3861793695887446,0.4753117784992785,75.0,7.5,17.5
Golfshot: Golf GPS + Tee Times,80,0.34424886363636364,0.4648870791245791,75.0,7.5,17.5
GoodRx Drug Prices and Coupons,37,0.25247104247104246,0.449028314028314,64.9,8.1,27.0
Google,38,0.2603594687476266,0.4927439336978811,73.7,7.9,18.4
Google Ads,72,0.1399653371320038,0.4323986484194818,56.9,25.0,18.1
Google Duo - High Quality Video Calls,18,0.2856898148148148,0.49799074074074073,83.3,11.1,5.6
Google Earth,38,0.0949020549208519,0.46496248060627754,60.5,26.3,13.2
Google Fit - Fitness Tracking,40,0.1300530303030303,0.4778642676767677,55.0,30.0,15.0
Google Handwriting Input,38,0.2541081871345029,0.39329847053531264,55.3,2.6,42.1
Google Keep,120,0.10001687003472717,0.4888327030112744,67.5,25.0,7.5
Google My Business,117,0.26843628593628593,0.4494172494172495,59.0,7.7,33.3
Google News,117,0.09391674022626403,0.49677560130933146,66.7,33.3,0.0
Google PDF Viewer,80,0.10041042117604618,0.4412866107933072,55.0,27.5,17.5
Google Pay,117,0.11568748609957398,0.5077741771354409,69.2,25.6,5.1
Google Photos,191,0.14750958573897785,0.5018935734339623,74.9,24.6,0.5
Google Primer,2,0.75,0.675,100.0,0.0,0.0
Google Slides,1,0.9333333333333332,0.9166666666666666,100.0,0.0,0.0
Google Street View,4,-0.5,0.6916666666666667,0.0,75.0,25.0
Google Translate,2,0.21416666666666664,0.48999999999999994,100.0,0.0,0.0
Google Trips - Travel Planner,1,0.3,0.0,100.0,0.0,0.0
Google Voice,8,0.15247928503787878,0.19622159090909091,50.0,0.0,50.0
Google+,2,0.3680555555555556,0.46944444444444444,100.0,0.0,0.0
Granny,29,0.06462316388125873,0.5562993347603944,65.5,34.5,0.0
Graphing Calculator,79,0.2458298171589311,0.4644786015672091,65.8,16.5,17.7
Grim Soul: Dark Fantasy Survival,36,0.05230612867822011,0.5017646990789126,61.1,36.1,2.8
Groovebook Photo Books & Gifts,39,0.1639216068452763,0.5067545042492522,76.9,20.5,2.6
GroupMe,39,0.11844004086191585,0.518137446598985,71.8,28.2,0.0
"Groupon - Shop Deals, Discounts & Coupons",120,0.285940735479798,0.47119181975431973,79.2,8.3,12.5
Grubhub: Food Delivery,76,0.12273932938406622,0.47002923976608185,52.6,26.3,21.1
Guns of Glory,40,-0.1420604256854257,0.5351874996145829,35.0,57.5,7.5
Gyft - Mobile Gift Card Wallet,120,-0.03364355250839038,0.5253256169825719,45.0,40.0,15.0
H Pack,40,0.10824242424242422,0.37940877525252525,50.0,25.0,25.0
H TV,39,0.3021153846153846,0.4085042735042735,64.1,7.7,28.2
H&M,37,0.02447295645212312,0.5764898448231781,54.1,43.2,2.7
HBO GO: Stream with TV Package,25,-0.055652711720192906,0.5216060351511479,24.0,68.0,8.0
HD Camera,1,0.0,0.0,0.0,0.0,100.0
HD Camera - Best Cam with filters & panorama,12,0.22337962962962962,0.5875,66.7,16.7,16.7
HD Camera - Quick Snap Photo & Video,17,0.45568627450980387,0.5777731092436975,76.5,0.0,23.5
HD Camera Pro for Android,17,0.07683823529411767,0.6097689075630253,58.8,35.3,5.9
HD Camera Ultra,18,0.15469866870710122,0.5695181114814052,72.2,27.8,0.0
HD Camera for Android,52,0.37619140624999997,0.5457669413919414,76.9,3.8,19.2
HD Movie Video Player,31,0.18601533086352817,0.574268094334508,67.7,25.8,6.5
HD Video Player,38,0.1979934210526316,0.435921052631579,47.4,13.2,39.5
HD Widgets,31,0.18181783519859554,0.5138021885521885,74.2,25.8,0.0
HDFC Bank MobileBanking,35,0.11144867037724179,0.5096762265512265,71.4,25.7,2.9
HESI A2 Pocket Prep,30,0.37914682539682537,0.4689616402116402,76.7,3.3,20.0
HISTORY: Watch TV Show Full Episodes & Specials,61,0.2112787731438599,0.5211220068298389,80.3,16.4,3.3
HTC Calendar,3,-0.03762626262626264,0.694949494949495,33.3,66.7,0.0
HTC File Manager,21,0.08894901394901396,0.26105098605098603,23.8,14.3,61.9
HTC Gallery,28,0.031543995439084725,0.4448680287966002,50.0,42.9,7.1
HTC Help,40,0.10687021254208755,0.3478900462962963,40.0,22.5,37.5
HTC Lock Screen,39,0.031488187738187755,0.44924597778764447,30.8,43.6,25.6
HTC Mail,40,0.07874792828699077,0.4266290501826216,60.0,27.5,12.5
HTC Sense Input,40,0.024668154761904756,0.4201793154761905,37.5,32.5,30.0
HTC Sense Input-AR,40,0.2875963541666667,0.42227380952380955,47.5,12.5,40.0
HTC Service － DLNA,37,0.018377776127776118,0.44935433785433787,51.4,27.0,21.6
HTC Service—Video Player,40,0.031498868996671724,0.47739678377178374,55.0,42.5,2.5
HTC Social Plugin - Facebook,39,-0.05170496455042354,0.49405168905168906,35.9,51.3,12.8
HTC Speak,39,0.0041057206682206535,0.3343441435108102,41.0,30.8,28.2
HTC Weather,38,0.06762483062014055,0.4530939659755449,57.9,26.3,15.8
Hacker's Keyboard,40,0.26137154546438207,0.5788869654427428,90.0,10.0,0.0
Hairstyles step by step,81,0.47091306584362136,0.5911601019008427,82.7,4.9,12.3
Hamilton — The Official App,36,0.16104723181360084,0.43614353211823453,58.3,19.4,22.2
Hangouts,114,0.2515033286340852,0.5312487273123238,75.4,10.5,14.0
Happify,4,0.21889678030303028,0.34500000000000003,75.0,0.0,25.0
Happy Birthday Songs Offline,17,0.36470588235294116,0.634313725490196,82.4,11.8,5.9
Happy Fruits Bomb - Cube Blast,25,0.023922799422799405,0.45399134199134195,52.0,28.0,20.0
Happy Street,22,0.053588817866161605,0.5082602813852813,59.1,36.4,4.5
Harkins Theatres,22,0.08864442831572625,0.490007597621234,54.5,27.3,18.2
Harry Potter: Hogwarts Mystery,54,0.057560539508836786,0.4856774694112312,74.1,25.9,0.0
HauteLook,33,0.1720851370851371,0.4925493025493025,45.5,30.3,24.2
Hay Day,61,0.019572348739842257,0.5036815863370004,55.7,39.3,4.9
Haystack TV: Local & World News - Free,15,0.5295,0.551611111111111,86.7,0.0,13.3
Headspace: Meditation & Mindfulness,11,0.2270075757575757,0.42147727272727276,81.8,0.0,18.2
Health and Nutrition Guide,112,0.39151077097505665,0.5183584892290249,78.6,5.4,16.1
HealtheLife,40,0.06321230158730158,0.36319146825396825,35.0,30.0,35.0
Healthy Recipes Free,39,0.4033939116439117,0.5317927072927073,79.5,2.6,17.9
Helix Jump,273,0.09966548025873484,0.4872210639607329,76.6,21.2,2.2
Hello Kitty Lunchbox,34,-0.05271838659706308,0.5605043532564542,55.9,35.3,8.8
Hello Kitty Nail Salon,65,0.057448088948088935,0.517986901986902,58.5,41.5,0.0
Hello Stars,67,0.16833037194977493,0.4964208718313196,59.7,23.9,16.4
"HelloTalk — Chat, Speak & Learn Foreign Languages",3,0.20232638888888888,0.6530555555555556,66.7,33.3,0.0
Hero Hunters,30,-0.021667189003126506,0.5063131914381914,53.3,40.0,6.7
"Herpes Dating: 1,000K+ Singles",32,0.17410830442498967,0.4679461145253556,62.5,21.9,15.6
Herpes Positive Singles Dating,28,0.3066502396413111,0.5264661281179138,75.0,10.7,14.3
"Hide App, Private Dating, Safe Chat - PrivacyHider",53,-0.06963979416809606,0.46029688922770684,39.6,45.3,15.1
"Hide Something - Photo, Video",30,0.2407102347883598,0.5127991622574956,70.0,16.7,13.3
Hideman VPN,31,0.12164696116309019,0.40125649738552965,38.7,29.0,32.3
High Blood Pressure Symptoms,37,0.4195335960960961,0.5663588588588588,75.7,13.5,10.8
High-Powered Flashlight,34,0.3389572975023343,0.5057320261437909,70.6,2.9,26.5
"High-Speed Camera (GIF,Burst)",27,0.34845679012345676,0.3967372134038801,66.7,11.1,22.2
Hill Climb Racing,44,0.09099915000988382,0.49867449971988176,70.5,29.5,0.0
Hill Climb Racing 2,64,0.16214076741018374,0.47632809515851793,73.4,17.2,9.4
"Hily: Dating, Chat, Match, Meet & Hook up",102,0.033778594771241816,0.5553312065566968,54.9,28.4,16.7
Hinge: Dating & Relationships,69,0.15679880237851251,0.4962808119148699,73.9,15.9,10.1
HipChat - Chat Built for Teams,66,-0.037827876788915756,0.3694698121443251,28.8,39.4,31.8
Hipmunk Hotels & Flights,35,0.5463015873015873,0.6215854119425549,85.7,2.9,11.4
Hitwe - meet people and chat,9,-0.13945601851851852,0.694104938271605,22.2,77.8,0.0
"Hole19: Golf GPS App, Rangefinder & Scorecard",19,0.4436382623224729,0.6068640350877192,94.7,0.0,5.3
Home Decor Showpiece Art making: Medium Difficulty,25,0.19186666666666669,0.6261428571428571,64.0,20.0,16.0
Home Scouting® MLS Mobile,32,0.09093580898268398,0.36908837256493504,40.6,37.5,21.9
Home Security Camera WardenCam - reuse old phones,26,0.20145736208236206,0.48728809385059385,69.2,15.4,15.4
Home Street – Home Design Game,57,0.11634259976695799,0.535353523254065,73.7,22.8,3.5
Home Workout - No Equipment,26,0.3383518564768565,0.5552208555333555,92.3,3.8,3.8
Home Workout for Men - Bodybuilding,26,0.5234495192307692,0.47010378510378514,84.6,0.0,15.4
"Home workouts - fat burning, abs, legs, arms,chest",8,0.4482204861111111,0.5969551282051282,100.0,0.0,0.0
HomeWork,1,1.0,0.3,100.0,0.0,0.0
"Homes.com 🏠 For Sale, Rent",21,0.23836580086580086,0.4356902356902357,52.4,14.3,33.3
Homescapes,52,0.038252643863011755,0.5245812840784173,51.9,48.1,0.0
Homesnap Real Estate & Rentals,35,0.27684800170068025,0.47902116402116407,71.4,17.1,11.4
Homestyler Interior Design & Decorating Ideas,34,0.1756305397541127,0.46706982799765306,55.9,20.6,23.5
Homework Planner,37,0.2775236133048633,0.5334585326549611,89.2,10.8,0.0
Honkai Impact 3rd,76,0.10148298021520948,0.5235471409602994,71.1,28.9,0.0
Hopper - Watch & Book Flights,76,0.1780442098098064,0.47613748369461667,71.1,23.7,5.3
Horoscopes – Daily Zodiac Horoscope and Astrology,35,0.2643148577612863,0.40594568130282416,60.0,2.9,37.1
Horses Live Wallpaper,33,0.3454586448904631,0.5115710678210679,66.7,6.1,27.3
Hostelworld: Hostels & Cheap Hotels Travel App,65,0.2534184783470498,0.5762854447140161,64.6,18.5,16.9
Hot Wheels: Race Off,20,-0.008838897907647945,0.49031547919672913,70.0,30.0,0.0
HotelTonight: Book amazing deals at great hotels,127,0.32890805836770404,0.5544839759613381,73.2,13.4,13.4
Hotels Combined - Cheap deals,36,0.16078538359788358,0.35309964726631393,41.7,19.4,38.9
Hotels.com: Book Hotel Rooms & Find Vacation Deals,68,0.10162220664781063,0.5454440715680212,57.4,30.9,11.8
Hotspot Shield Free VPN Proxy & Wi-Fi Security,34,0.25176470588235295,0.3932843137254902,50.0,8.8,41.2
Hotstar,32,0.03817782617308288,0.4939640988971346,43.8,43.8,12.5
Hotwire Hotel & Car Rental App,33,0.18702944624819623,0.45971741221741225,48.5,18.2,33.3
Housing-Real Estate & Property,21,-0.021426982409125262,0.37853153129938844,38.1,47.6,14.3
